BEGIN;

CREATE EXTENSION IF NOT EXISTS "uuid-ossp";

CREATE TABLE employee (
    id UUID PRIMARY KEY DEFAULT uuid_generate_v4(),
    username VARCHAR(50) UNIQUE NOT NULL,
    first_name VARCHAR(50),
    last_name VARCHAR(50),
    created_at TIMESTAMP DEFAULT CURRENT_TIMESTAMP,
    updated_at TIMESTAMP DEFAULT CURRENT_TIMESTAMP
);


CREATE TYPE organization_type AS ENUM (
    'IE',
    'LLC',
    'JSC'
);

CREATE TABLE organization (
    id UUID PRIMARY KEY DEFAULT uuid_generate_v4(),
    name VARCHAR(100) NOT NULL,
    description TEXT,
    type organization_type,
    created_at TIMESTAMP DEFAULT CURRENT_TIMESTAMP,
    updated_at TIMESTAMP DEFAULT CURRENT_TIMESTAMP
);

CREATE TABLE organization_responsible (
    id UUID PRIMARY KEY DEFAULT uuid_generate_v4(),
    organization_id UUID REFERENCES organization(id) ON DELETE CASCADE,
    user_id UUID REFERENCES employee(id) ON DELETE CASCADE
);


INSERT INTO employee (id, username, first_name, last_name, created_at, updated_at) VALUES
('550e8400-e29b-41d4-a716-446655440001', 'user1', 'First1', 'Last1', '2024-09-14 14:06:31.263854', '2024-09-14 14:06:31.263854'),
('550e8400-e29b-41d4-a716-446655440002', 'user2', 'First2', 'Last2', '2024-09-14 14:06:31.263854', '2024-09-14 14:06:31.263854'),
('550e8400-e29b-41d4-a716-446655440003', 'user3', 'First3', 'Last3', '2024-09-14 14:06:31.263854', '2024-09-14 14:06:31.263854'),
('550e8400-e29b-41d4-a716-446655440004', 'user4', 'First4', 'Last4', '2024-09-14 14:06:31.263854', '2024-09-14 14:06:31.263854'),
('550e8400-e29b-41d4-a716-446655440005', 'user5', 'First5', 'Last5', '2024-09-14 14:06:31.263854', '2024-09-14 14:06:31.263854'),
('550e8400-e29b-41d4-a716-446655440006', 'user6', 'First6', 'Last6', '2024-09-14 14:06:31.263854', '2024-09-14 14:06:31.263854'),
('550e8400-e29b-41d4-a716-446655440007', 'user7', 'First7', 'Last7', '2024-09-14 14:06:31.263854', '2024-09-14 14:06:31.263854'),
('550e8400-e29b-41d4-a716-446655440008', 'user8', 'First8', 'Last8', '2024-09-14 14:06:31.263854', '2024-09-14 14:06:31.263854'),
('550e8400-e29b-41d4-a716-446655440009', 'user9', 'First9', 'Last9', '2024-09-14 14:06:31.263854', '2024-09-14 14:06:31.263854'),
('550e8400-e29b-41d4-a716-44665544000a', 'user10', 'First10', 'Last10', '2024-09-14 14:06:31.263854', '2024-09-14 14:06:31.263854'),
('550e8400-e29b-41d4-a716-44665544000b', 'user11', 'First11', 'Last11', '2024-09-14 14:06:31.263854', '2024-09-14 14:06:31.263854'),
('550e8400-e29b-41d4-a716-44665544000c', 'user12', 'First12', 'Last12', '2024-09-14 14:06:31.263854', '2024-09-14 14:06:31.263854'),
('550e8400-e29b-41d4-a716-44665544000d', 'user13', 'First13', 'Last13', '2024-09-14 14:06:31.263854', '2024-09-14 14:06:31.263854'),
('550e8400-e29b-41d4-a716-44665544000e', 'user14', 'First14', 'Last14', '2024-09-14 14:06:31.263854', '2024-09-14 14:06:31.263854'),
('550e8400-e29b-41d4-a716-44665544000f', 'user15', 'First15', 'Last15', '2024-09-14 14:06:31.263854', '2024-09-14 14:06:31.263854'),
('550e8400-e29b-41d4-a716-446655440010', 'user16', 'First16', 'Last16', '2024-09-14 14:06:31.263854', '2024-09-14 14:06:31.263854'),
('550e8400-e29b-41d4-a716-446655440011', 'user17', 'First17', 'Last17', '2024-09-14 14:06:31.263854', '2024-09-14 14:06:31.263854'),
('550e8400-e29b-41d4-a716-446655440012', 'user18', 'First18', 'Last18', '2024-09-14 14:06:31.263854', '2024-09-14 14:06:31.263854'),
('550e8400-e29b-41d4-a716-446655440013', 'user19', 'First19', 'Last19', '2024-09-14 14:06:31.263854', '2024-09-14 14:06:31.263854'),
('550e8400-e29b-41d4-a716-446655440014', 'user20', 'First20', 'Last20', '2024-09-14 14:06:31.263854', '2024-09-14 14:06:31.263854'),
('550e8400-e29b-41d4-a716-446655440015', 'user21', 'First21', 'Last21', '2024-09-14 14:06:31.263854', '2024-09-14 14:06:31.263854'),
('550e8400-e29b-41d4-a716-446655440016', 'user22', 'First22', 'Last22', '2024-09-14 14:06:31.263854', '2024-09-14 14:06:31.263854'),
('550e8400-e29b-41d4-a716-446655440017', 'user23', 'First23', 'Last23', '2024-09-14 14:06:31.263854', '2024-09-14 14:06:31.263854'),
('550e8400-e29b-41d4-a716-446655440018', 'user24', 'First24', 'Last24', '2024-09-14 14:06:31.263854', '2024-09-14 14:06:31.263854'),
('550e8400-e29b-41d4-a716-446655440019', 'user25', 'First25', 'Last25', '2024-09-14 14:06:31.263854', '2024-09-14 14:06:31.263854'),
('550e8400-e29b-41d4-a716-44665544001a', 'user26', 'First26', 'Last26', '2024-09-14 14:06:31.263854', '2024-09-14 14:06:31.263854'),
('550e8400-e29b-41d4-a716-44665544001b', 'user27', 'First27', 'Last27', '2024-09-14 14:06:31.263854', '2024-09-14 14:06:31.263854'),
('550e8400-e29b-41d4-a716-44665544001c', 'user28', 'First28', 'Last28', '2024-09-14 14:06:31.263854', '2024-09-14 14:06:31.263854'),
('550e8400-e29b-41d4-a716-44665544001d', 'user29', 'First29', 'Last29', '2024-09-14 14:06:31.263854', '2024-09-14 14:06:31.263854'),
('550e8400-e29b-41d4-a716-44665544001e', 'user30', 'First30', 'Last30', '2024-09-14 14:06:31.263854', '2024-09-14 14:06:31.263854');

INSERT INTO organization (id, name, description, type, created_at, updated_at) VALUES
('550e8400-e29b-41d4-a716-446655440020', 'Organization 1', 'Description 1', 'LLC', '2024-09-14 14:06:31.303975', '2024-09-14 14:06:31.303975'),
('550e8400-e29b-41d4-a716-446655440021', 'Organization 2', 'Description 2', 'IE', '2024-09-14 14:06:31.303975', '2024-09-14 14:06:31.303975'),
('550e8400-e29b-41d4-a716-446655440022', 'Organization 3', 'Description 3', 'JSC', '2024-09-14 14:06:31.303975', '2024-09-14 14:06:31.303975'),
('550e8400-e29b-41d4-a716-446655440023', 'Organization 4', 'Description 4', 'LLC', '2024-09-14 14:06:31.303975', '2024-09-14 14:06:31.303975');



INSERT INTO organization_responsible (id, organization_id, user_id) VALUES
('550e8400-e29b-41d4-a716-446655440030', '550e8400-e29b-41d4-a716-446655440020', '550e8400-e29b-41d4-a716-446655440001'),
('550e8400-e29b-41d4-a716-446655440031', '550e8400-e29b-41d4-a716-446655440020', '550e8400-e29b-41d4-a716-446655440002'),
('550e8400-e29b-41d4-a716-446655440032', '550e8400-e29b-41d4-a716-446655440020', '550e8400-e29b-41d4-a716-446655440003'),
('550e8400-e29b-41d4-a716-446655440033', '550e8400-e29b-41d4-a716-446655440021', '550e8400-e29b-41d4-a716-446655440004'),
('550e8400-e29b-41d4-a716-446655440034', '550e8400-e29b-41d4-a716-446655440021', '550e8400-e29b-41d4-a716-446655440005'),
('550e8400-e29b-41d4-a716-446655440035', '550e8400-e29b-41d4-a716-446655440021', '550e8400-e29b-41d4-a716-446655440006'),
('550e8400-e29b-41d4-a716-446655440036', '550e8400-e29b-41d4-a716-446655440022', '550e8400-e29b-41d4-a716-446655440007'),
('550e8400-e29b-41d4-a716-446655440037', '550e8400-e29b-41d4-a716-446655440022', '550e8400-e29b-41d4-a716-446655440008'),
('550e8400-e29b-41d4-a716-446655440038', '550e8400-e29b-41d4-a716-446655440022', '550e8400-e29b-41d4-a716-446655440009'),
('550e8400-e29b-41d4-a716-446655440039', '550e8400-e29b-41d4-a716-446655440023', '550e8400-e29b-41d4-a716-44665544000a'),
('550e8400-e29b-41d4-a716-44665544003a', '550e8400-e29b-41d4-a716-446655440023', '550e8400-e29b-41d4-a716-44665544000b'),
('550e8400-e29b-41d4-a716-44665544003b', '550e8400-e29b-41d4-a716-446655440023', '550e8400-e29b-41d4-a716-44665544000c'),
('550e8400-e29b-41d4-a716-44665544003c', '550e8400-e29b-41d4-a716-446655440023', '550e8400-e29b-41d4-a716-44665544000d'),
('550e8400-e29b-41d4-a716-44665544003d', '550e8400-e29b-41d4-a716-446655440023', '550e8400-e29b-41d4-a716-44665544000e');


DO $CREATION$
BEGIN
    IF NOT EXISTS (SELECT 1 FROM pg_type WHERE typname = 'tender_status_enum') THEN
        CREATE TYPE tender_status_enum AS ENUM ('Created', 'Published', 'Closed');
    END IF;

    IF NOT EXISTS (SELECT 1 FROM pg_type WHERE typname = 'service_type_enum') THEN
        CREATE TYPE service_type_enum AS ENUM ('Construction', 'Delivery', 'Manufacture');
    END IF;

    IF NOT EXISTS (SELECT 1 FROM pg_type WHERE typname = 'bid_status_enum') THEN
        CREATE TYPE bid_status_enum AS ENUM ('Created', 'Published', 'Canceled');
    END IF;

    IF NOT EXISTS (SELECT 1 FROM pg_type WHERE typname = 'author_type_enum') THEN
        CREATE TYPE author_type_enum AS ENUM ('Organization', 'User');
    END IF;

    IF NOT EXISTS (SELECT 1 FROM pg_type WHERE typname = 'decision_enum') THEN
        CREATE TYPE decision_enum AS ENUM ('Approved', 'Rejected');
    END IF;
END $CREATION$;

-- tender - это тендер
CREATE TABLE IF NOT EXISTS tender (
    id UUID PRIMARY KEY DEFAULT uuid_generate_v4(),
    status tender_status_enum NOT NULL,
    current_version INTEGER NOT NULL,
    user_id UUID NOT NULL REFERENCES employee(id) ON DELETE CASCADE,
    organization_id UUID NOT NULL REFERENCES organization(id) ON DELETE CASCADE,
    created_at TIMESTAMP DEFAULT CURRENT_TIMESTAMP,
    updated_at TIMESTAMP DEFAULT CURRENT_TIMESTAMP
);

-- tender_versions - это версии тендеров
CREATE TABLE IF NOT EXISTS tender_versions (
    id SERIAL PRIMARY KEY,
    version INTEGER NOT NULL,
    name VARCHAR(100) NOT NULL,
    description VARCHAR(500) NOT NULL,
    service_type service_type_enum NOT NULL,
    tender_id UUID NOT NULL REFERENCES tender(id) ON DELETE CASCADE,
    UNIQUE (tender_id, version)
);

-- bid - это предложение для тендера
CREATE TABLE IF NOT EXISTS bid (
    id UUID PRIMARY KEY DEFAULT uuid_generate_v4(),
    status bid_status_enum NOT NULL,
    author_type author_type_enum NOT NULL,
    author_id UUID NOT NULL,
    current_version INTEGER NOT NULL,
    tender_id UUID NOT NULL REFERENCES tender(id) ON DELETE CASCADE,
    created_at TIMESTAMP DEFAULT CURRENT_TIMESTAMP,
    updated_at TIMESTAMP DEFAULT CURRENT_TIMESTAMP,
    UNIQUE (tender_id, author_id)
);

-- bid_versions - это версии предложений для тендеров
CREATE TABLE IF NOT EXISTS bid_versions (
    id SERIAL PRIMARY KEY,
    version INTEGER NOT NULL,
    name VARCHAR(100) NOT NULL,
    description VARCHAR(500) NOT NULL,
    bid_id UUID REFERENCES bid(id) ON DELETE CASCADE,
    UNIQUE (bid_id, version)
);

-- bid_decisions - решения по предложениям
CREATE TABLE IF NOT EXISTS bid_decisions (
    id SERIAL PRIMARY KEY,
    decision decision_enum,
    organization_id UUID NOT NULL REFERENCES organization(id) ON DELETE CASCADE,
    user_id UUID NOT NULL REFERENCES employee(id) ON DELETE CASCADE,
    bid_id UUID REFERENCES bid(id) ON DELETE CASCADE
);

-- bid_review - отзыв по предложению
CREATE TABLE IF NOT EXISTS bid_review (
    id UUID PRIMARY KEY DEFAULT uuid_generate_v4(),
    description VARCHAR(1000) NOT NULL,
    user_id UUID NOT NULL REFERENCES employee(id) ON DELETE CASCADE,
    bid_id UUID REFERENCES bid(id) ON DELETE CASCADE,
    created_at TIMESTAMP DEFAULT CURRENT_TIMESTAMP,
    UNIQUE (bid_id, user_id)
);

INSERT INTO tender (id, status, current_version, user_id, organization_id, created_at, updated_at) VALUES
('ac8656ae-da41-4bfa-a3b5-c4cad399fcdf', 'Created', 1, '550e8400-e29b-41d4-a716-44665544000b', '550e8400-e29b-41d4-a716-446655440023', '2024-09-21 12:52:31.825855', '2024-09-21 12:52:31.825855'),
('ca402b26-1bc6-4f97-b41a-0373aec3daed', 'Created', 1, '550e8400-e29b-41d4-a716-44665544000b', '550e8400-e29b-41d4-a716-446655440023', '2024-09-21 12:52:31.825855', '2024-09-21 12:52:31.825855'),
('8a05f051-88f2-4113-a0ef-f72424f07919', 'Created', 1, '550e8400-e29b-41d4-a716-446655440005', '550e8400-e29b-41d4-a716-446655440021', '2024-09-21 12:52:31.825855', '2024-09-21 12:52:31.825855'),
('0a78ce19-546a-438b-89f4-20b9f32a610d', 'Created', 1, '550e8400-e29b-41d4-a716-44665544000b', '550e8400-e29b-41d4-a716-446655440023', '2024-09-21 12:52:31.825855', '2024-09-21 12:52:31.825855'),
('65d94d94-1319-4175-b2cc-43dae747bffa', 'Created', 1, '550e8400-e29b-41d4-a716-446655440005', '550e8400-e29b-41d4-a716-446655440021', '2024-09-21 12:52:31.825855', '2024-09-21 12:52:31.825855'),
('67309f56-3d5f-45ee-873c-11262ca16543', 'Created', 1, '550e8400-e29b-41d4-a716-44665544000b', '550e8400-e29b-41d4-a716-446655440023', '2024-09-21 12:52:31.825855', '2024-09-21 12:52:31.825855'),
('0ef0296a-e6cb-4167-b524-fa13d989d95c', 'Created', 1, '550e8400-e29b-41d4-a716-446655440003', '550e8400-e29b-41d4-a716-446655440020', '2024-09-21 12:52:31.825855', '2024-09-21 12:52:31.825855'),
('1ffac8e1-42d3-4351-a778-751b9dacf4b0', 'Created', 1, '550e8400-e29b-41d4-a716-44665544000b', '550e8400-e29b-41d4-a716-446655440023', '2024-09-21 12:52:31.825855', '2024-09-21 12:52:31.825855'),
('051bd1d4-171e-44d1-b1c8-1a8b1bb23f94', 'Created', 1, '550e8400-e29b-41d4-a716-44665544000b', '550e8400-e29b-41d4-a716-446655440023', '2024-09-21 12:52:31.825855', '2024-09-21 12:52:31.825855'),
('1529ab9f-7ae1-40a5-a8e6-b992bccf9bef', 'Created', 1, '550e8400-e29b-41d4-a716-44665544000b', '550e8400-e29b-41d4-a716-446655440023', '2024-09-21 12:52:31.825855', '2024-09-21 12:52:31.825855'),
('f1069f21-5889-4ce2-9adc-1cb7d9aac251', 'Created', 1, '550e8400-e29b-41d4-a716-446655440003', '550e8400-e29b-41d4-a716-446655440020', '2024-09-21 12:52:31.825855', '2024-09-21 12:52:31.825855'),
('8b8182b6-4907-4504-ae1a-f8c8ad75def1', 'Created', 1, '550e8400-e29b-41d4-a716-446655440005', '550e8400-e29b-41d4-a716-446655440021', '2024-09-21 12:52:31.825855', '2024-09-21 12:52:31.825855'),
('8f6694a2-d66a-4cd5-b3e7-ce3fa180bb82', 'Created', 1, '550e8400-e29b-41d4-a716-44665544000b', '550e8400-e29b-41d4-a716-446655440023', '2024-09-21 12:52:31.825855', '2024-09-21 12:52:31.825855'),
('0c523105-30f3-4f0b-b3b2-a23775ea9eb5', 'Created', 1, '550e8400-e29b-41d4-a716-446655440005', '550e8400-e29b-41d4-a716-446655440021', '2024-09-21 12:52:31.825855', '2024-09-21 12:52:31.825855');


INSERT INTO tender_versions (version, name, description, service_type, tender_id) VALUES
(1, 'Доставка товары Казань - Москва', 'Нужно доставить оборудование для олимпиады по робототехнике №1', 'Delivery', 'ac8656ae-da41-4bfa-a3b5-c4cad399fcdf'),
(2, 'Доставка товары Казань - Нижний Новгород', 'Нужно доставить оборудование для олимпиады по робототехнике №2', 'Delivery', 'ac8656ae-da41-4bfa-a3b5-c4cad399fcdf'),
(1, 'Доставка товары Казань - Cанкт-Петербург', 'Нужно доставить оборудование для олимпиады по робототехнике №2', 'Delivery', 'ca402b26-1bc6-4f97-b41a-0373aec3daed'),
(1, 'Доставка товары Краснодар - Москва', 'Нужно доставить оборудование для олимпиады по робототехнике №3', 'Delivery', '8a05f051-88f2-4113-a0ef-f72424f07919'), 
(1, 'Доставка товары Казань - Воронеж', 'Нужно доставить оборудование для олимпиады по робототехнике №4', 'Delivery', '0a78ce19-546a-438b-89f4-20b9f32a610d'), 
(1, 'Доставка товары Владивосток - Самара', 'Нужно доставить оборудование для олимпиады по робототехнике №5', 'Delivery', '65d94d94-1319-4175-b2cc-43dae747bffa'), 
(1, 'Доставка товары Новосибирск - Ростов-на-Дону', 'Нужно доставить оборудование для олимпиады по робототехнике №6', 'Delivery', '67309f56-3d5f-45ee-873c-11262ca16543'), 
(1, 'Доставка товары Красноярск - Псков', 'Нужно доставить оборудование для олимпиады по робототехнике №7', 'Delivery', '0ef0296a-e6cb-4167-b524-fa13d989d95c'), 
(1, 'Доставка товары Кострома - Владимир', 'Нужно доставить оборудование для олимпиады по робототехнике №8', 'Delivery', '1ffac8e1-42d3-4351-a778-751b9dacf4b0'), 
(1, 'Доставка товары Липецк - Тамбов', 'Нужно доставить оборудование для олимпиады по робототехнике №9', 'Delivery', '051bd1d4-171e-44d1-b1c8-1a8b1bb23f94'), 
(1, 'Доставка товары Саранск - Москва', 'Нужно доставить оборудование для олимпиады по робототехнике №10', 'Delivery', '1529ab9f-7ae1-40a5-a8e6-b992bccf9bef'), 
(1, 'Доставка товары Тверь - Москва', 'Нужно доставить оборудование для олимпиады по робототехнике №11', 'Delivery', 'f1069f21-5889-4ce2-9adc-1cb7d9aac251'),
(1, 'Доставка товары Смоленск - Москва', 'Нужно доставить оборудование для олимпиады по робототехнике №12', 'Delivery', '8b8182b6-4907-4504-ae1a-f8c8ad75def1'),
(1, 'Доставка товары Орёл - Москва', 'Нужно доставить оборудование для олимпиады по робототехнике №13', 'Delivery', '8f6694a2-d66a-4cd5-b3e7-ce3fa180bb82'),
(1, 'Доставка товары Сочи - Москва', 'Нужно доставить оборудование для олимпиады по робототехнике №14', 'Delivery', '0c523105-30f3-4f0b-b3b2-a23775ea9eb5');



INSERT INTO bid (id, status, author_type, author_id, current_version, tender_id, created_at, updated_at) VALUES
('1820469e-0a87-43d2-b139-0eb5e253cbfa', 'Created', 'User', '550e8400-e29b-41d4-a716-446655440008', 1, 'ca402b26-1bc6-4f97-b41a-0373aec3daed',  '2024-09-22 13:12:19.731053', '2024-09-22 13:12:19.731053'),
('2820469e-0a87-43d2-b139-0eb5e253cbfa', 'Created', 'Organization', '550e8400-e29b-41d4-a716-446655440020', 1, '65d94d94-1319-4175-b2cc-43dae747bffa', '2024-09-22 13:12:19.731053', '2024-09-22 13:12:19.731053'),
('3820469e-0a87-43d2-b139-0eb5e253cbfa', 'Created', 'User', '550e8400-e29b-41d4-a716-446655440004', 1, '67309f56-3d5f-45ee-873c-11262ca16543', '2024-09-22 13:12:19.731053', '2024-09-22 13:12:19.731053'),
('4820469e-0a87-43d2-b139-0eb5e253cbfa', 'Created', 'User', '550e8400-e29b-41d4-a716-446655440001', 1, '0c523105-30f3-4f0b-b3b2-a23775ea9eb5', '2024-09-22 13:12:19.731053', '2024-09-22 13:12:19.731053'),
('5820469e-0a87-43d2-b139-0eb5e253cbfa', 'Created', 'User', '550e8400-e29b-41d4-a716-44665544000e', 1, '0ef0296a-e6cb-4167-b524-fa13d989d95c', '2024-09-22 13:12:19.731053', '2024-09-22 13:12:19.731053'),
('6820469e-0a87-43d2-b139-0eb5e253cbfa', 'Created', 'Organization', '550e8400-e29b-41d4-a716-446655440022', 1, 'ca402b26-1bc6-4f97-b41a-0373aec3daed', '2024-09-22 13:12:19.731053', '2024-09-22 13:12:19.731053'),
('7820469e-0a87-43d2-b139-0eb5e253cbfa', 'Created', 'User', '550e8400-e29b-41d4-a716-446655440009', 1, '051bd1d4-171e-44d1-b1c8-1a8b1bb23f94', '2024-09-22 13:12:19.731053', '2024-09-22 13:12:19.731053'),
('8120469e-0a87-43d2-b139-0eb5e253cbfa', 'Created', 'User', '550e8400-e29b-41d4-a716-446655440004', 1, '1529ab9f-7ae1-40a5-a8e6-b992bccf9bef', '2024-09-22 13:12:19.731053', '2024-09-22 13:12:19.731053'),
('9220469e-0a87-43d2-b139-0eb5e253cbfa', 'Created', 'User', '550e8400-e29b-41d4-a716-446655440006', 1, 'f1069f21-5889-4ce2-9adc-1cb7d9aac251', '2024-09-22 13:12:19.731053', '2024-09-22 13:12:19.731053'),
('9320469e-0a87-43d2-b139-0eb5e253cbfa', 'Created', 'Organization', '550e8400-e29b-41d4-a716-446655440022', 1, '8b8182b6-4907-4504-ae1a-f8c8ad75def1', '2024-09-22 13:12:19.731053', '2024-09-22 13:12:19.731053'),
('925f8a96-153a-4834-b5d4-26ea333077f4', 'Created', 'User', '550e8400-e29b-41d4-a716-446655440005', 1, '0ef0296a-e6cb-4167-b524-fa13d989d95c', '2024-09-23 17:37:19.342167', '2024-09-23 17:37:19.342167'),
('fe9d51d8-dcca-4c73-b685-bacf429e8584', 'Created', 'User', '550e8400-e29b-41d4-a716-446655440007', 1, '0ef0296a-e6cb-4167-b524-fa13d989d95c', '2024-09-23 17:37:19.342167', '2024-09-23 17:37:19.342167'),
('5a57fd1c-51fb-4549-ab03-ed81c1f9d281', 'Created', 'User', '550e8400-e29b-41d4-a716-44665544000c', 1, '0ef0296a-e6cb-4167-b524-fa13d989d95c', '2024-09-23 17:37:19.342167', '2024-09-23 17:37:19.342167'),
('638c5fc7-faff-4148-9530-928a9934dd71', 'Created', 'User', '550e8400-e29b-41d4-a716-44665544000d', 1, '0ef0296a-e6cb-4167-b524-fa13d989d95c', '2024-09-23 17:37:19.342167', '2024-09-23 17:37:19.342167'),
('376b2659-c80c-44c8-97d1-e6ea6a375edb', 'Created', 'User', '550e8400-e29b-41d4-a716-446655440009', 1, '0ef0296a-e6cb-4167-b524-fa13d989d95c', '2024-09-23 17:37:19.342167', '2024-09-23 17:37:19.342167'),
('8e3eaafb-41ee-4a77-828a-843809af3a61', 'Created', 'Organization', '550e8400-e29b-41d4-a716-446655440021', 1, '0ef0296a-e6cb-4167-b524-fa13d989d95c', '2024-09-23 17:37:19.342167', '2024-09-23 17:37:19.342167'),
('7f970263-531c-4edd-bfe9-adb425986960', 'Created', 'Organization', '550e8400-e29b-41d4-a716-446655440022', 1, '0ef0296a-e6cb-4167-b524-fa13d989d95c', '2024-09-23 17:37:19.342167', '2024-09-23 17:37:19.342167'),
('72971d3e-2698-4f40-abcf-4f494e3b8426', 'Created', 'Organization', '550e8400-e29b-41d4-a716-446655440023', 1, '0ef0296a-e6cb-4167-b524-fa13d989d95c', '2024-09-23 17:37:19.342167', '2024-09-23 17:37:19.342167'),
('71815844-a5fd-4af9-bb80-789ad92332fc', 'Created', 'User', '550e8400-e29b-41d4-a716-446655440004', 1, '8f6694a2-d66a-4cd5-b3e7-ce3fa180bb82', '2024-09-23 17:37:19.342167', '2024-09-23 17:37:19.342167');

INSERT INTO bid_versions (version, name, description, bid_id) VALUES
(1, 'Предложение 1.0', 'Описание 1.0', '1820469e-0a87-43d2-b139-0eb5e253cbfa'),
(1, 'Предложение 2.0', 'Описание 2.0', '2820469e-0a87-43d2-b139-0eb5e253cbfa'),
(1, 'Предложение 3.0', 'Описание 3.0', '3820469e-0a87-43d2-b139-0eb5e253cbfa'),
(2, 'Предложение 3.1', 'Описание 3.1', '3820469e-0a87-43d2-b139-0eb5e253cbfa'),
(1, 'Предложение 4.0', 'Описание 4.0', '4820469e-0a87-43d2-b139-0eb5e253cbfa'),
(2, 'Предложение 4.1', 'Описание 4.1', '4820469e-0a87-43d2-b139-0eb5e253cbfa'),
(1, 'Предложение 5.0', 'Описание 5.0', '5820469e-0a87-43d2-b139-0eb5e253cbfa'),
(1, 'Предложение 6.0', 'Описание 6.0', '6820469e-0a87-43d2-b139-0eb5e253cbfa'),
(2, 'Предложение 6.1', 'Описание 6.1', '6820469e-0a87-43d2-b139-0eb5e253cbfa'),
(3, 'Предложение 6.2', 'Описание 6.2', '6820469e-0a87-43d2-b139-0eb5e253cbfa'),
(1, 'Предложение 7.0', 'Описание 7.0', '7820469e-0a87-43d2-b139-0eb5e253cbfa'),
(2, 'Предложение 7.1', 'Описание 7.1', '7820469e-0a87-43d2-b139-0eb5e253cbfa'),
(3, 'Предложение 7.2', 'Описание 7.2', '7820469e-0a87-43d2-b139-0eb5e253cbfa'),
(4, 'Предложение 7.3', 'Описание 7.3', '7820469e-0a87-43d2-b139-0eb5e253cbfa'),
(1, 'Предложение 8.0', 'Описание 8.0', '8120469e-0a87-43d2-b139-0eb5e253cbfa'),
(1, 'Предложение 9.0', 'Описание 9.0', '9220469e-0a87-43d2-b139-0eb5e253cbfa'),
(1, 'Предложение 10.0', 'Описание 10.0', '9320469e-0a87-43d2-b139-0eb5e253cbfa'),
(1, 'Предложение 11.0', 'Описание 11.0', '925f8a96-153a-4834-b5d4-26ea333077f4'),
(1, 'Предложение 12.0', 'Описание 12.0', 'fe9d51d8-dcca-4c73-b685-bacf429e8584'),
(1, 'Предложение 13.0', 'Описание 13.0', '5a57fd1c-51fb-4549-ab03-ed81c1f9d281'),
(1, 'Предложение 14.0', 'Описание 14.0', '638c5fc7-faff-4148-9530-928a9934dd71'),
(1, 'Предложение 15.0', 'Описание 15.0', '376b2659-c80c-44c8-97d1-e6ea6a375edb'),
(1, 'Предложение 16.0', 'Описание 16.0', '8e3eaafb-41ee-4a77-828a-843809af3a61'),
(1, 'Предложение 17.0', 'Описание 17.0', '7f970263-531c-4edd-bfe9-adb425986960'),
(1, 'Предложение 18.0', 'Описание 18.0', '72971d3e-2698-4f40-abcf-4f494e3b8426'),
(1, 'Предложение 19.0', 'Описание 19.0', '71815844-a5fd-4af9-bb80-789ad92332fc');


INSERT INTO bid_review (id, description, user_id, bid_id, created_at) VALUES
('56fbf2f0-c166-4832-a088-3d6ab3d5a65b', 'Отзыв 1', '550e8400-e29b-41d4-a716-446655440005', '4820469e-0a87-43d2-b139-0eb5e253cbfa', '2024-09-22 13:41:38.398201'),
('789729dd-7fe2-4e51-80a3-52ca0cd47daf', 'Отзыв 2', '550e8400-e29b-41d4-a716-446655440004', '4820469e-0a87-43d2-b139-0eb5e253cbfa', '2024-09-22 13:41:38.398201'),
('c3ec480b-968d-449e-ba80-04c9630c4b1d', 'Отзыв 3', '550e8400-e29b-41d4-a716-446655440006', '4820469e-0a87-43d2-b139-0eb5e253cbfa', '2024-09-22 13:41:38.398201'),
('04624dfa-7c20-4aa5-aa7f-fc6fa6e36f6e', 'Отзыв 4', '550e8400-e29b-41d4-a716-44665544000b','6820469e-0a87-43d2-b139-0eb5e253cbfa', '2024-09-22 13:41:38.398201'),
('adeae887-ec8d-4d69-94a6-08438d8e0dd9', 'Отзыв 5', '550e8400-e29b-41d4-a716-44665544000a','6820469e-0a87-43d2-b139-0eb5e253cbfa', '2024-09-22 13:41:38.398201'),
('e016014b-d1de-4be1-85f5-b11aa11ec51e', 'Отзыв 6', '550e8400-e29b-41d4-a716-44665544000c','6820469e-0a87-43d2-b139-0eb5e253cbfa', '2024-09-22 13:41:38.398201'),
('f6941612-cb8d-4e23-a315-10c8a5950abf', 'Отзыв 7', '550e8400-e29b-41d4-a716-446655440003', '9220469e-0a87-43d2-b139-0eb5e253cbfa', '2024-09-22 13:41:38.398201'),
('82301ae5-39c9-4c96-bd25-3f20c5724cce', 'Отзыв 8', '550e8400-e29b-41d4-a716-446655440001', '9220469e-0a87-43d2-b139-0eb5e253cbfa', '2024-09-22 13:41:38.398201'),
('415e2eb6-cffb-41b1-8d85-b94871be97ea', 'Отзыв 9', '550e8400-e29b-41d4-a716-446655440002', '9220469e-0a87-43d2-b139-0eb5e253cbfa', '2024-09-22 13:41:38.398201'),
('68332c8f-e009-45f0-b0fa-b3340a4222e4', 'Отзыв 10', '550e8400-e29b-41d4-a716-44665544000b', '1820469e-0a87-43d2-b139-0eb5e253cbfa', '2024-09-22 13:41:38.398201'),
('8ae1c135-dc23-4e8a-a38e-0096f6755eb9', 'Отзыв 11', '550e8400-e29b-41d4-a716-44665544000a', '1820469e-0a87-43d2-b139-0eb5e253cbfa', '2024-09-22 13:41:38.398201'),
('f8b435bc-e399-46c9-b776-87932827c029', 'Отзыв 12', '550e8400-e29b-41d4-a716-44665544000c', '1820469e-0a87-43d2-b139-0eb5e253cbfa', '2024-09-22 13:41:38.398201'),
('f2e91958-4e8b-4932-8c68-34bca8bc8d4c', 'Отзыв 13', '550e8400-e29b-41d4-a716-44665544000d', '1820469e-0a87-43d2-b139-0eb5e253cbfa', '2024-09-22 13:41:38.398201'),
('9321c1bd-4a59-4539-9d15-446f2086c7a5', 'Отзыв 14', '550e8400-e29b-41d4-a716-44665544000e', '1820469e-0a87-43d2-b139-0eb5e253cbfa', '2024-09-22 13:41:38.398201');

COMMIT;